"Reference","Value","Datasheet","Footprint","Qty","DNP"
"BT1","A27 BATTERY","~","LIBRERIAS:Battery_23A","1",""
"C1,C2","1u","~","Capacitor_THT:C_Disc_D5.1mm_W3.2mm_P5.00mm","2",""
"D1,D3,D4","LED","~","LED_THT:LED_D5.0mm,LIBRERIAS:LED_PCBasDiffuser","3",""
"D2","1N4007","http://www.vishay.com/docs/88503/1n4001.pdf","Diode_THT:D_DO-41_SOD81_P10.16mm_Horizontal","1",""
"J2,J3","JACK_DC","~","Connector_BarrelJack:BarrelJack_Horizontal","2",""
"J4","ON/OFF","~","Connector_PinHeader_2.54mm:PinHeader_1x02_P2.54mm_Vertical","1",""
"J5","AudioJack2_Ground_Switch","~","Connector_Audio:Jack_3.5mm_CUI_SJ1-3525N_Horizontal","1",""
"Q2","PN2222A","https://www.onsemi.com/pub/Collateral/PN2222-D.PDF","Package_TO_SOT_THT:TO-92_Inline_Wide","1",""
"R1","1M","~","Resistor_THT:R_Axial_DIN0207_L6.3mm_D2.5mm_P10.16mm_Horizontal","1",""
"R2","470k","~","Resistor_THT:R_Axial_DIN0207_L6.3mm_D2.5mm_P10.16mm_Horizontal","1",""
"R3","220","~","Resistor_THT:R_Axial_DIN0207_L6.3mm_D2.5mm_P10.16mm_Horizontal","1",""
"R4,R6,R7,R8,R11","1k","~","Resistor_SMD:R_0805_2012Metric_Pad1.20x1.40mm_HandSolder","5",""
"R5,R9,R10,RV1,RV2","100k","~","Potentiometer_THT:Potentiometer_Bourns_PTV09A-1_Single_Vertical,Resistor_SMD:R_0805_2012Metric_Pad1.20x1.40mm_HandSolder","5",""
"U1","LM324","http://www.ti.com/lit/ds/symlink/lm2902-n.pdf","Package_DIP:DIP-14_W7.62mm_LongPads","1",""
